"RT @muftimenk: Attitude can take away your beauty no matter how good looking you are or it could enhance your beauty, making you adorable."
I'm a stress free kind of guy
Nowadays everybody wanna talk like they got somethin to say but nothin comes out when they move their lips; just a bunch of gibberish
@ImRealTed fake story
"So then I says to him, I says, relax bro my beard is not loaded"
"@therealAbdul_ #heavy I've been looking for those, there is a shortage on the black market if you wanna make a quick buck, nuff said.."
@therealAbdul_ you need to get Claritin clear
There are people that know the truth but stay silent &amp; there are people that speak the truth but we don't hear them cuz they're the minority
@mellochamp *say
"@MelloChamp and they what ""god hates dead people?"" Or victims of tragedies? Lol those people are cooked"
@MelloChamp what's new with them?
"Ain't no love in the heart of the city, stay safe people"
"@xXjungaXx good luck my brother, I'm sure you'll get in"
@xXjungaXx where yu going?
@biggblakk92 oh ight
"@biggblakk92 yo bigblack why are you saying ""is"" instead of ""as"""
And here I thought nemo's dad was about to get it with dory but apparently this man turned into a female #thatscray
RT @TroyCrossley: @J_tsar just called me a pervert cus i like @GameOfThrones hmmmmmmm lol
"@TroyCrossley @gameofthrones every character on that show got some sort of std bro, I do like the show tho"
@TroyCrossley ahaha word mayne but that's not why I like the show... Lol fair to say all those hoes are prolly dirty...
"@TroyCrossley lets not get ahead of ourselves now Troy, it's a good show but breaking bad we can relate to a little bit more, I like meth"
"Got me a haircut, I don't usually do those"
"@Kid_Wavyy lol dam that's not an easy task bruh, I'll see what I can do"
@Kid_Wavyy yea man never get into a family plan with foreigners
ÓÅêÓî®Óî≠Óî°Óî• the furious 5
@DamnItGIO you know I'm not for that res dog
"Dreams really do come true, last night I dreamt I was eating a cheeseburger and in the afternoon today, guess what I was eating..."
"Now we aint come here to start no drama, we just looking for our future baby mamas"
"RT @SciencePorn: 1 person in the world has Syndrome X, which prevents normal aging. Brooke Greenberg is 20 but appears to be 1year old h ..."
Most of you are conditioned by the media
"Gain knowledge, get women, acquire currency #livestrong"
"-you don't care that I smoke, right?
-man, I wouldn't care if you shot yourself in the head
^friendship"
Living life too fast y'all need to slow down
@xXjungaXx http://t.co/33Dzevjvja this ever happen to you??
Imagine how reckless their weekend is going to be in #Louisville
RT @NotCommonFacts: A small child could swim through the veins of a blue whale.
If you have the knowledge and the inspiration all that's left is to take action
"I really don't like it when I have one ear pressed against the pillow and I start to hear my heart beat, who can sleep with all that noise"
@MelloChamp #godyallsomebrokeboys
RT @FillWerrell: The moment when you get your friend in trouble http://t.co/I1h5k5JLkW
I need a new show to watch
Drinking tea and I'm sweating
"I'm hot, about 103.4 degrees to be exact"
I got too much love and respect for the twins happy 20th fellas @CopDaWholeThang @Kid_Wavyy
"RT @EasyBuckets5: Can we bring back poking!? Nothing says ""eeeyahmean"" like a nice poke"
RT @EasyBuckets5: Real G's understand that boaties get fresher over time
@sotirop_evi you're waaaay prettier of course
@sotirop_evi don't say that Evi
Hey @sotirop_evi turn to channel 30 you'll find your long lost brother http://t.co/5fwwPeikpJ
"- –•–æ—Ä–æ—à–∏–π –º–æ–π... –ë–µ–¥–Ω–µ–Ω—å–∫–∏–π... –ú–∞–ª–µ–Ω—å–∫–∏–π... –ú–∞–ª—é—Å–µ–Ω—å–∫–∏–π...
- –ù–∞—Å—Ç—è –±–ª—è—Ç—å!!! –ù—É –∫—Ç–æ –¢–ê–ö –≤–æ–∑–±—É–∂–¥–∞–µ—Ç?! #russian #prikol"
Naaah I'm just kiddin freeee the waaave
Keep max b in jail
"Lunch, dinner ima let you get here but that was the best breakfast of all time"
No one is really violent until they're with the homies
"Like lee, I'm likely to make a joke out of chuck"
Five hundred twenty five thousand six hundred miiinutes
@JukeMeng yeaa that's  beefski
Careful who you text http://t.co/JA7NB81WUT
RT @ChinksMcGee: Lmaoooo http://t.co/hNYQD60B1L
@bettzamparelli on second thought it must be a struggle for autocorrect to correct your thug swag
"@BettZamparelli I bet dawg, with you're unique lexicon it must be a struggle"
Autocorrect is fucking with my grammar
"Jeremy has 32 teeth, Johny 28 and Jamal 19, doesn't matter what toothpaste yu use what's important is not to buy Jordan's on release day"
RT @themikederby: I give it three months til we start seeing retweet this for heaven favorite it for hell on twitter
Being bilingual is da bomb
"-–í—ã—Ö–æ–¥–∏ –∑–∞ –º–µ–Ω—è –∑–∞–º—É–∂.
-–•–æ—Ä–æ—à–æ, –°–æ–≥–ª–∞—Å–Ω–∞!
–ò —Ç–∏—à–∏–Ω–∞
-–ù—É —Ç—ã –±–æ–ª—å—à–µ –Ω–∏—á–µ–≥–æ –º–Ω–µ –Ω–µ —Å–∫–∞–∂–µ—à—å, –¥–æ—Ä–æ–≥–æ–π?
-–î–∞ —è –∏ —Ç–∞–∫ —É–∂–µ, –∫–∞–∂–µ—Ç—Å—è –ª–∏—à–Ω–µ–≥–æ –ø–∏–∑–¥–∞–Ω—É–ª"
I bought a pack of orbit today and the guy at the cash register asked if I wanted a bag. So I made him double bag it
@therealAbdul_ @sotirop_evi I can't watch my mouth that's physically impossible Abdul...
@sotirop_evi @therealabdul_ lol but yea yu kids are alright
@sotirop_evi @therealabdul_ Óêû http://t.co/ZTX0eW6iH2
"@sotirop_evi @therealAbdul_ oh my Kenyan god, oh my Greek goddess Óêí lol I'm kidding you guys are cute when yu do that in every post"
"@MonTanA_BaBy replace that with fajr guy, then dhur and so on #wordsofwisdom for ya"
"@MelloChamp 80% man, always"
"That homework that I was supposed to do, yeaa I'm still doing it"
Walking dead then Vikings and maybe some homework
"#tmlt I just wrote y'all a horoscope for the day and most of you will be like ""dam, that shit was so accurate"" #goodmorning"
"you will have to make tough decisions today and those decisions will influence your future, hardships will arouse and yu will roll up loud"
‚Äú@KidComeUp: Just got home like a real nigga decently poppin night...‚Äù Lol you're a clown bro #fuxwithit
RT @ChiIdhoodRuiner: Hahaha http://t.co/jQuKXwvuOQ
@TroyCrossley @xxjungaxx lets go whale watching... outside of Bellingham sq McDs
I was gonna go for a 6am run aha I'm joking I woke up to eat some Nutella
"Not too early for breakfast, is it?"
#ilove http://t.co/Wzim51hjLv
@MelloChamp I think it's too late...
@MelloChamp yu apply already?
"Once you feel you are avoided by someone, never disturb them again"
@MelloChamp for which semester?
Evil triumphs when good men do nothing
"@TroyCrossley @xxjungaxx I'm still around till Sunday, we can do more damage I got some more left"
"@TroyCrossley @xxjungaxx yea cuddi, we done did it. I told him to hit yu up but the bird abstained from doing so"
"RT @Factsionary: Clinomania is an excessive desire to stay in bed all day, over 70% of people experience this on a daily basis."
"People come into your life to help you, hurt you, love you and leave you and that shapes your character and the person you were meant to be"
"in my time, as an uncle of 4 now, I can tell you that Sesame Street teaches kids nothing useful except the alphabet and how to count to ten"
RT @AnnieAreYouOkay: I wanna cuddle...This is the gayest shit I've ever tweeted.
"* On the phone*"" Yo are you with junes?""
@TroyCrossley - what, nigga I'm not Jewish"" lol major miscommunication"
"RT @FillWerrell: I didn't lose a follower, a follower lost me"
"see no evil, hear no evil, speak no evil until the morning alarm goes off and all hell unleashes"
@Kid_Wavyy that's physically impossible
RT @YungIndyan: @J_tsar Watch the New Video: Mellow Nights !! By @_TheRealJustice http://t.co/sV7R6uUtlF
Place your bets http://t.co/L1lHCUzwBR
We postin' http://t.co/RjUJddJNJt
Holding this baby down for spring break http://t.co/3Hi0HcVR3t
@xXjungaXx come outside
@KidComeUp that bird will drop a dollar and still pick it up
We try to find ways to kill time but time kills us http://t.co/WiK8XMMZTT
"""September 10th baby, you know what tomorrow is. Party at my house!"" #thingsyoudontyellwhenenteringaroom"
"""@therealAbdul_: The guy announcing who the pope is looks like he's gonna kick the bucket any minute now."" Ahahaha"
"Never try to fork a mini tomato while wearing a white shirt, it will explode"
The efficient man is the man who thinks for himself
RT @BossDonWave: whom god bless no man can curse
"@MelloChamp lol I'm about to be on that schedule habitually, after spring break..."
"@MelloChamp yo lets hit the gym and then res, whattayasay? Oh and my phone is off so respond with a tweet"
"""Some people feel the rain. Others just get wet"" probably the gayest thing I ever heard but don't mind me I obviously just get wet."
RT @LifeAsRednecks: There is absolutely no excuse for being a male cheerleader..
"people that say ""I hate posts about religion like stop trying to convert me"" and then go on to post some shit about jersey shore #ihateyou"
@sotirop_evi the founding farmers would agree with you
"Shocking shit, more so than that time I found out a tomato is a fruit"
I wanna study a broad or two
Chappelles show is on #theniggerfamily #throwback
RT @WolfpackAlan: Currently whale watching outside of McDonalds.
RT @Kid_Wavyy: I'm bout to slap this broad through my cell phone
RT @Kid_Wavyy: Death is only a corner away so look alive out here
Never underestimate the rebel with a cause
"@Basiklee always a pleasure brotha, see you in a couple months"
Young Robel is out here tonight
This fire alarm is so fun #saidthecolddrunkcollegekids
"Peanut butter, fluff and nutella #iwentthere"
Too many surprises today
ÓêÑ she's up to no good
"I haven't seen a silly rabbit trix are for kids commercial in a while, did he finally get some or what..."
RT @FillWerrell: Seniors &gt; Juniors &gt; Sophomores &gt; Administration &gt; Staff &gt; Janitors &gt; Trees &gt; Rocks &gt; Dirt &gt;  ...
"What you got to drink bro?
-I got some water
-you got something stronger than that?
-yea, I got some ice"
"""Mirror mirror on the wall, I ain't too short I ain't too tall god dam I have it all""- fresh prince"
There are enough worms for all the birds stop killing each other for 'em
Death is the destroyer of all pleasures
RT @TroyCrossley: @J_tsar we can figure something out but i gotta take u to the official studio in boston we can lay the track down there
RT @ThisDopeKid: #WhitePeopleActivities &amp; #BlackPeopleActivities üòÇ. http://t.co/AXs4sbx8bD
No class for two hours? Is that a nap I feel coming on #hellyeaa
"@TroyCrossley in the comfort of my dorm room, with a MacBook and a mic #imamacbookrapper when I'm bored"
@TroyCrossley I got bars get on a track with me bro
RT @themikederby: If you don't use Irish spring body wash\soap and head and shoulders shampoo then your doing it wrong.
Waking up at 5am every day
#mehei suka lubov'
Taking a shower after watching a scary movie is always exciting
"""Studying"" is just a combination of the words student and dying"
RT @MonTanA_BaBy: Got bank like Uncle Phil
MTV is garbage
"I got bread on this game, I'm up 50"
Gooooooaaaaaal!!!
@Kid_Wavyy you're not nice in FIFA tho
@Kid_Wavyy real brought the smoke
Goooooooaaaallaaaaaassooooooo
"RT @SheeWantsYourD: bitches be like: ""noooooo! you hang up first"" i be like: *click*"
"Wouldn't it be pretty cool if someone that you weren't too fond of was just like, ""yu know I must be a bother, let me just fuck off"" #iwish"
"Share the love, the knowledge and the wealth"
RT @autocorrects: Laughing At That Part In The Movie That No One Else Thinks Is Funny.
All she knows is yes
"Aye mambo, mambo Italiano"
@Kid_Wavyy you color blind? that looks like some stanky tho
"@bbccww383 that's great man, how are you liking it out there?"
Not being able to find the remote to the tv is probably one of the most reoccurring struggles of life
"@bbccww383 ward, where/how the hell are ya man?"
I need a leather jacket and some grease
@MelloChamp yu on campus?
"@Kid_Wavyy valid shit young, ill hit yu soon"
@Kid_Wavyy you're just another scram who says turd
@biggblakk92 pints of henny didn't do it for yu bro?
I killed Abe Lincoln during my two hour nap #intensedream
"I hate these college desks, way too small to sleep on"
"""Taken in broad day light"" sucks to be a woman, this broad got kidnapped by some fiend #traplife"
"Everything in life can be free, if you run fast enough..."
@CopDaWholeThang I'm bridge side
"Why text first when you can just wait, wait, wait, wait, wait, complain about texting first on twitter, wait, wait, wait."
@Kid_Wavyy stop lying
the block is hot
@Kid_Wavyy dam b you ought to support your shorty in these desperate times and hardships
RT @MonTanA_BaBy: @CopDaWholeThang pops got the choppa nigga #fucka44
RT @CopDaWholeThang: @MonTanA_BaBy its about to be operation kick in the door waving the 44 ngga
"RT @FillWerrell: If you could chose between World Peace and Bill Gates' fortune, what color would your Lamborghini be?"
RT @FillWerrell: #ResponseToILoveYou http://t.co/tnDcGJ5X
"@TroyCrossley @xxjungaxx I'm always for that life, I'll let yu know when I'm in the city"
I'm in the New York state of mind
In the air
"Do I look like that much of a softy I got these frail ass kids tryin to come at my neck, little do these dogs know they're barking at a lion"
"@TroyCrossley sending peace and blessings your way ahk! Ahaha what's popping my guy, how you living?"
@DrJohnnyBlaze you know I had to hit up res for some cookies right quick aha
"Woke up at 8:50, made to class by 9:03  #sleepovereverything"
Dogs are cool pets and all but letting one lick your face is a bit much #thatshitsgross #dirtydogs #dirtierhumans
"@NbeFly lol you're thinking too far ahead, young."
Speed limited to 118 http://t.co/66qMaDAv
"I got these bros that I'd take a bullet for, in the leg or the shoulder or something nothing fatal tho"
@xXjungaXx yu making moves to the mother land??
"Just got put on to misfits, it's kind of the shit"
"If I'm ever not picking up the phone don't assume something like death, naaah I'm fucking with deaths cousin #sleep #shemygoto #yafeelme"
"My roommate talks in his sleep, when he does I respond, that must alter his dreams a lil bit"
"Back to terrible food, hot pockets and school bs.. Dam I'm just tryina be at that stage in life where I'm coming home to my wife from work"
I can't seem to drift away into the land of dreams #ditty
"@therealAbdul_ you are one more ass pic away from losing my follow Abdul, at least warm dudes with a caption or something"
RT @themikederby: Tom Brady and Bill Belichick are still the best quarterback and coach combination of all time. I love my team.
RT @MonTanA_BaBy: Ballin like I play for New England #PatsHoe
"RT @FunnyPicsDepot: Bitches be like...
üò§
 |       üò©
 |\      /\
 |  \_/    \
 | ((
 | \|  \
 |  \    \
üëü üëüüë†

But We're just friends... ..."
@WhoButJosh @ohjeyy yooo wtf I swear the last time yu sent me the request it said French too! I felt like a retard that game yo u a cheater
"@OhJeyy homie, I gotchu!"
RT @FunnyPicsDepot: #TheAwkwardMomentWhen  http://t.co/cNqOEbEE
"To be honest, I don't care for those people that wanna commit suicide, your life b, do what you think will make you happy #selfishbastards"
"those ""I can't live without him/her"" relationships are ÓÅö"
@muftimenk but when we consider prophet Muhammad (s.a.a.w) as our role model that's when we achieve true success &amp; a path to Jannah
Don't seek the satisfaction of other people because 1. Its a waste of your time and 2. It's just impossible
@Kid_Wavyy nothing for now b
@OhJeyy @thebad_habit give me yall usernames and watch me tap that ass
"RT @VitaFiasco: The acid bath cure-all RT""@J_tsar: Breaking Bad taught me how to dispose of a corpse"""
Breaking Bad taught me how to dispose of a corpse
I need to pay my bill but in order to do that I gotta get the crib #notforthatlife #nophonefornow
8 is not enough I need more #sleep
"Cambridge got some real, genuinely good people but at the same time this city can be fake as fuck just like any other town #upholdthereal ÓÄê"
"Has anyone ever told you that you're beautiful?
-No you'll be the first :)
No, I won't be..."
So many Latino kids took up boxing since my retirement it's crazy and most of them are below 5'5
"I don't argue with fools who say islam is terrorism it's not worth a thing, let an idiot remain an idiot"
Ibuprofen and mids for the night ahaha I'm joking
"Money is overrated, it's not the only thing that brings happiness, hmm what else can I say to soothe my soul before I get paid this Friday.."
"Hello, my name is Monday and I hate people."
@MelloChamp is it the 20th?
RT @SkrillaMane: ‚Äú@BbeSTACKIN: you gotta talk to niggas like they ain't shit.... cause then they start to believe it and you'll be runni ...
Sergeant Ray must have been scared of something
"Met this marine yesterday who said he doesn't give his name out to ""unclassified personnel"" he then proceeded to tell me his name quietly"
Dam shame when you mess up a good tweet with a typo
"While watching the titanic, only the guys in the room pulled out their phones or stopped paying attention right before jacks death #soft"
RT @themikederby: Retweet this if your a strong independant black woman who dont need no man
"What's with dudes telling other dudes to shave, c'mon son no one wants to hear that"
On some Harry potter shit http://t.co/4ASDCY9l
"You must have a very beautiful wife..
-yea, how do you know that?
You're ugly but your kids are good looking"
"-should I not go?
-no.
-""no don't go"" or ""no, go""
-yea
ÓêíÓêíÓêí"
You can hit the gym all you want but if you're a coward at heart dudes will still step all over you
"I'm always hungry, this is getting kind of annoying"
"I need to go back to school, no freedom out here for a brother #imlockeduptheywontletmeout"
"Now I'm wondering who instead of letting the egg hatch and grow into a chicken, decided to crack it and put it on a hot surface #feelme ?"
Dam man I gotta make a tough decision here... Do I want to make these eggs scrambled or sunny side up
"I'm honestly too lazy to eat the things I like, a pomegranate for example takes too much effort"
I don't like when people ask unnecessary questions like how are you? Why so sad? Why do you need cyanide pills?
"We are able to speak street vernacular and job interview"" Dave Chappelle"
"Duck season, Elmer Fudd knows what it is http://t.co/OyIF3GSt"
ÓÖíÓå¥ÓÑì Bang! Bang!
"@Basiklee my bad lee, herb move on my part, tomorrow or Friday man lets link"
"I don't understand why it's give me head, ocho cinco??"
"I actually never used a razor blade to shave, always stuck to the trimmer"
I've become a hermit
@therealAbdul_ come back to the cold Abdulaa!!
@dominickPipes yea dude no doubt. I'm in Cambridge but sometime this break dudes need to link up and chill
@dominickPipes pizdu zakroi
"Seeing as how my doodles are more artsy than most of the tats kids are gettin, I think I can make bank as a tat artist #timetogetthismugga"
"@Kid_Wavyy the option of volume may not be at my disposal tonight, we'll see tho"
@Basiklee @kid_wavyy there's gonna be 1 thing on that list and anyone can guess what it's gonna be
@Kid_Wavyy major charge homie
@CopDaWholeThang iiiiiiiiiggghhhhttttt
@CopDaWholeThang ahaha I'm charging it cuh
"I meet the most amazing people, spent the day with this Jamaican Muslim convert who shared his whole story with me, my religion is the truth"
"""Bring the drugs, ill bring the pain"" bitch, yu better bring something more to the table... Óêß"
@OhJeyy that a trick question? Cuz I'm always sexy
Karim And Jahar Arab Perverts #keyandpeele http://t.co/GEHSD5jq
Just saved a bunch of money on my car insurance by switching my car into reverse and driving away from the accident Óêí
RT @NickkeyG: dont know how someone could say they hate there mother i can never relate'-
God dam I felt amazing ÓÖå until this fever came back Óêê
It must be tough on some parents to give credit for their love and purchases to Santa
@xXjungaXx no wonder you became a ciroc boy no pops to tame the beast inside huh?
@xXjungaXx long visit
"Brothers at the mosque either think I'm a convert or that I'm from Algeria or Syria, just the other day a guy asked me how I came to Islam"
"Mom, did you adopt me?
Son, do you really think we would of picked you if we had?"
"Living with this cat is straight torture, I'm not a cat person anymore"
"RT @CartmanHumor: ""Polar bears can't jump."" - Black bears"
"RT @OddestLifeHacks: Ever wanted to stop a sneeze you feel coming? Press your tongue against the roof of your mouth, and *poof* it's gone."
"My last tweets felt too wrong, I don't like to objectify women or judge anyone  for their actions"
Yo you see that Lamborghini reventon right outside? I got an iPhone that's exactly the same color
"Beemer, Benz or Bentley? Honda, bro."
"Well actually I take that back, I've had a few fun times reading"
"When I read it's not for fun, no fun in it all #itsfortheknowledge"
S&amp;s wings are not that popping #saidthemanwithfunctioningtastebuds
"All this talk about the world ending triggered a zombie apocalypse dream last night, weak part was only gettin to 1st base before worlds end"
RT @CopDaWholeThang: @CambridgePolice Bird ass niggas
"RT @BossDonWave: go ahead stupid niggaz go fuck wit them chicks, im the 3rd little piggy ima fuck wit them bricks"
Hova Óêß
Cereal and milk but no plates that's weak man
Off with a warning jakes got nothing on me #speedingticketappealed #recordstillclean #ridingdirty #theyllnevercatchme ahaha feel meee
I feel kind of clever at night by putting my alarm far from my bed but I really hate myself in the morning for it
I'll always break for a crossing squirrel
The product never matches the advertisement bitch gave me milk http://t.co/v9h3rb9Q
@VitaFiasco cleeaahllyy
I had the scariest dream last night man when I woke up I was so relieved that it was only a dream
@VitaFiasco what a dick
—Å—É–∫–∞ –Ω–∞—Ö—É–π —Ö–æ—á—É –±—ç—Ö—É –º–Ω–µ –ø–æ—Ö—É–π –æ–ø—è—Ç—å –ø—Ä–æ–µ—Ö–∞–ª–∞ –º–∏–º–æ –º–Ω–µ —Å—Ç–∞–ª–æ –ø–ª–æ—Ö–æ #bmw
"Skyyy rockets in flight, night time delight"
Even my boxers are wet and it's cold maayne.
@Basiklee what if they light the l and pass it your way??
It's a struggle out here http://t.co/zUY9BtYZ
No matter where life takes me you'll still find me with a smile
"2 essays down, one to go baby"
Tough loss before the finals #imhurtinginside http://t.co/GZ4H8zfr
@xXjungaXx lol your cat??
"Once my teacher said she accepts all late work without penalties, 1. I fell in love with her and 2. It was my cue not to do shit until now"
"@therealAbdul_ abdul, are you still planning on coming?"
broken iphone = broken heart
Amazing #nofilter http://t.co/DqjWEOOQ
"@therealAbdul_ are you kidding me? fuck, i thought i'd be the first to notice... i kinda wish i had a look alike."
"@therealAbdul_ bro, brother, brah, now dont be mad but i can't help but see a little bit of you in this man LOL http://t.co/m1m284Nx"
"i'm surprised that there are no celery related deaths, that's one mean vegetable"
something light for lunch http://t.co/CvAiNXi
"woke up to a chicken calzone and spaghetti, tonight i feast"
"""girl, ima tell you straight up, you are one tall glass of water and I am thirsty"""
"the only reason i'm not sleeping right now is because i drank like half a gallon of water, it's not safe to fall asleep"
"A smile isn't just mouth movement, one can distinguish between fake &amp; real smiles by the shimmer of happiness in the persons eyes"
"You see, there are rap artists and there are noise makers #itsnotallmusic #someofitisbullshit"
What a clown. http://t.co/rQWVwAEx
it takes a lot of faith to elude hypocrisy
"""dam, I think that cig had a few extra doses of rat poison"""
My goal for the 2013 year is to get a girl pregnant and become a daddy #saidnooneever
RT @themikederby: Any man who will openly lick a popsicle in public has my full respect
"I hate long distance relationships, food is always so far away from me"
"Welcome to the jungle, careful of the fever"
Optimism is favorable but the pessimistic point of view is important to   have because #shithappens
"@eduardomporto thanks bro, throwing a bit of my thoughts out there"
Of course she does
"Mary, wanna?"
But I also like when people stand by what they believe no matter what any jerk like me says
"I kind of like religious debates, just hearing what other people believe is interesting and then crushing their beliefs with facts is fun"
yea im procrastinating http://t.co/UmBu3lEy
lmao this is too funny http://t.co/6JhqppH0
"you guys know that the suicide rate for active duty american soldiers is at an all time high for 2012, a suicide a day, whats the #problem?"
I was going to make a joke about Hamas but it Israeli inappropriate
"This cafeteria got too many UFOs, unidentified fried objects"
@MelloChamp that's quiet a decision to make off the bat but you'll be alright
@MelloChamp Jim nooooooo
yeah i'm still doing homework
#4wordsaftasex what was your name?
Free Palestine
alor danse
10 pages and 5 hours later #sourhour
"RT @klizzzle: ""A tiger doesn't lose sleep over the opinion of a sheep."""
"@TheSupplier im telling you kid, snatch or lock, stock and two smoking barrets"
"for the thrill of it, why else?"
"me and my homies tryina get it, ya bish"
@Kid_Wavyy @CopDaWholeThang ahaha yea he caught one to the grill
i dont sleep anymore...
"@xXjungaXx cool, I believe it."
@xXjungaXx where'd you get it?
@xXjungaXx it came with the head? And organic stuffing?? Yuuumm
"New York is so ratchet on black Friday it's ridiculous, I'm to bed son"
Lamb kebab #word new York got exactly what I need
RT @Kid_Wavyy: jus pearled a woddy riii quick
Wasup wasup wasup mofucka where my money at
I'm to the big apple
taking a 30 minute power nap was a terrible idea
"@therealAbdul_ never had one, can't relate"
@therealAbdul_ owned #likethemyspacedays
"Got my phone back, there's still hope for humanity after all"
Can't find my phone #thatstragic
i love it when im more sleepy than hungry because then i could just knock out completely famished #college
Prime parking job http://t.co/wmekyNpk
This night deserves Hennessy a bad bitch and an o of weed the holy trinity
@Kid_Wavyy how you getting back??
@Kid_Wavyy put me on I'm faah daaat
"lost boys and lost girls found each other, need I say more..."
"Anyone else wake up because of a leg cramp this morning? not kidding my calf was going through some shit today, I almost cried"
may god bless the scientific cure for the insane
what constitutes the trap life is the pursuit of profit
#in6thgrade i think it was something like G g g g g g g g G-unit all around
RT @Kid_Wavyy: @J_tsar that is SOOOOOOOOOOOOOOO true my niggga use to have a jumper like Jimmy tssssssssssssss smh what happpened to dat
RT @Kid_Wavyy: @J_tsar YOU fuckinn Commi
#in8thgrade my three point shot was better than Kobes
#in3rdgrade I didn't speak a word of english
chief keef is garbage and that's #3hunna
@MelloChamp Yea buddy
"I'm from the murder capital, where they murder for capital"
I will never eat McDonald's again #lieswetellourselves
"@MelloChamp ahaha it was a tough decision to make in the nick of time Jim, dont be so hard on yourself"
my cat's attack technique is killer
"We're best friends already, fuck my allergies tho http://t.co/iEtrTLrB"
Peep the fur ball she's part of the fam http://t.co/HLzpzYP0
People that don't know how to apologize will be sorry one day
"The first one I give head to, the second one I cuddle with, the third one I give the dick to #imtalkingaboutmypillows ahaha"
@MelloChamp in your building?
"I talk so much faster in russian than i do in english, it's weird."
"he put me on to adriano celentano tho, the man is a legend"
my dad's reaction to rap music on the radio always made me laugh #imissthatman
2 pairs of pants type of weather
"I slept 16 hours, that can't be healthy"
"i've been up for so long, time to hibernate"
@BettZamparelli  lupe is looking out for the bitches
new wisdom teeth coming in #thatsthatshitidontlike
"@Basiklee clearly you're not hip to the backfire urinal effect, pair of khakis and a urinal and you got yourself some stained pants yg"
Pulled one of those all nighters #countingsheepwithmyeyesopen
"I should of slept through this class, yes obama won and yea a lot of money was  spent #fuckpoliticalscience"
@therealAbdul_ road trip?
@therealAbdul_ you tryina have a legal experience?
RT @MonTanA_BaBy: Barack you my dawg but we all puppets in this bitch..
america is impervious to the fuckery #justforthisoneday
RT @BarackObama: This happened because of you. Thank you.
RT @WakaFlockaBSM: WTF Romney is winning ?? http://t.co/ulGJPsK4
"@biggblakk92 simoneee, chill it's only medical, you will still get in trouble if you smoke bud anywhere on the street guy"
this fella just asked me where i get my eyebrows done #imflattered but i uuh don't do that...
@xXjungaXx You are officially hooked like a fizzle on crack
"RT @FalsePeterFG: If you were sleeping between a beautiful girl and a gay man, who's side would you turn your back to?"
"bitch, dont kill my vibe"
my net worth right now #itsupthere
"@xXjungaXx fam, spend that money that you have here the right way, it actually will help #throwingknowledgeatyourightnow"
@xXjungaXx let the scraps know what the deal is
@xXjungaXx lol be successful here and you'll be successful there #youknowthisman
"@xXjungaXx lol ye it would suck but at that point no one's gonna say, ""dam he was just about to get that job"" there r other concerns, i hope"
"@xXjungaXx it's six more years at this point bro, that doesnt sound too bad, right?"
"@xXjungaXx inshallah man, im for that life"
"@xXjungaXx biology, im on that dentist movement ;)"
"@xXjungaXx its cool bro a lotta fun but i just wanna gtfo of college already too, shits pretty stressful"
"@xXjungaXx same old just chilling, hows senior year?"
@xXjungaXx whats good killa
@MelloChamp hahahaha #birds thats who
car battery died again #traplife
"@Kid_Wavyy tomorrow though bro, its going down"
dudes think its a fucking charity out here #birds
"have the love of my life break my heart or get hit really hard in the nuts? easy, break my heart away #nothinghurtsmorethanahittotheballs"
"""i just got blue balled fam, that shit sucks"" a kid from the bridge yall know him"
"Don't stress it bro, light weights live longer"
RT @Chi_Chi617: Key and peele &gt;&gt;&gt;&gt;&gt;&gt;&gt;&gt;&gt;&gt;&gt;&gt;&gt;&gt; shows mad cooked lol
"@Kid_Wavyy fucking clown, youre not about that bread"
"you know what our problem is, we think there isn't enough resources to last #wehaveplenty"
"good, good."
RT @Kid_Wavyy: WOULD NEVER fuck wit meth like that tho wayy to harmful of a drug towards people
"Roam in your own zone or get kidnapped and clapped in your dome. We got it sewn, The Firm art of war is unknown"
@Kid_Wavyy i guess you've yet to grow a pair
@therealAbdul_ i knew you could relate
"–ï—Å–ª–∏ –± –∑–Ω–∞–ª–∞ —Ç—ã —Å–µ—Ä–¥—Ü–µ–º —É–ø–æ—Ä–Ω—ã–º, –ö–∞–∫ —É–º–µ–µ—Ç –ª—é–±–∏—Ç—å —Ö—É–ª–∏–≥–∞–Ω"
@Kid_Wavyy lol i finally grew a beard idk why you're coming at my nuts #scruffseason
where did this beard come from?
RT @DrJohnnyBlaze: nigga said hurricane LOL
No classes till Wednesday and y'all thought you had it good #mwfboy
"in a battle between real vs. fake, real takes the dub"
@Kid_Wavyy stay up young
"teachings of equality started in the 7th century, it took up until the 19th century for slavery to be abolished #humanraceproblems"
@therealAbdul_ whats 908??
@CopDaWholeThang yoo bird call me
The day I actually decide to devote 10 minutes to fixing my hair the wind blows it all to hell #timeiwillnevergetback
bad food #collegeproblems
RT @JukeMeng: Bouta go thru with this no shave November
RT @Kid_Wavyy: @Basiklee @J_tsar liam shut ur broke asss up hahahha. My nigga Jizz knows what time it is #rackseason
"@Basiklee of course it's not lee, but if you live life with money the same way happy people do without money then wtf is the problem?"
"if you have money and you're not happy, than you must be living a pretty pathetic life"
my car battery died #chargeit
RT @MonTanA_BaBy: @Basiklee @kid_wavyy lmao stephens L's sound like Pop rocks
i won't run i'll just gun you all out #thugliving
RT @MonTanA_BaBy: Keep it trill no matta wea u are
pack so loud i can't hear it
RT @yaboyfitz: i hate when the class that you think is going to be super easy wants you to do all this work. like I DIDNT SIGN UP FOR TH ...
"Foreign to racism, never been a part of it"
"RT @PurityOfDeen: The world is such that a persons worst enemy today, could be their best friend tomorrow.."
Life's a lot easier when you don't complain
karma will hit you after I do
cheeky bastards
"the opportunity was there, in my experience it's best to take that opportunity if it's there"
"""tooken 2, this time the russians came after him and he still fucked them all up, thats liam neeson for you"""
@Jamie_J19 lmaoo you wish
wish for your brother what you wish for yourself
sour face
waking up before my alarm is my greatest accomplishment of the day
Why is it that people need to be convinced to part take in activities that they already wanna do #getittogetheryoufuckers
RT @VeryFunnyPosts: In a recent survey 9 out of 10 bros actually chose Ho's over each other.
"My English teacher is an angel, I'm in love"
"RT @MeekMilI: Niggas be wanting a girl who plays video games, watch sports, have tattoos &amp; wears Jordans. Sounds like you want a boy ..."
"went to my mwf class, apparently it's a tuesday today #whoknew"
wavy #5dayweekend
i got 99 problems and they're all due monday
"but what's it all worth, can't take it when you under this Earth"
I'd rather people not hold the door for me when I'm 30 feet away cuz then I feel bad when I take my sweet time getting to it #thankstho
"i can't sleep, although its crazy how fast time passes by when you're struggling to fall asleep"
RT @EasyBuckets5: One big school..fulla dumb bitches
smores and bonfires #ilovehippies
#teamimtryingtogetsomesleepbuticantfallasleep
"@sotirop_evi you eat pizza in bed? i see, greek girls like their bed all greasy"
@sotirop_evi share with me
RT @MikeRaww01: #TweeLikeAGirl I love my hair http://t.co/elpfi8Ai
"through tranquil speech, we give 'em something to remember"
thank god for women and sandwiches
"RT @TheZooKid: Niggas sleep on Sons of Anarchy, shits heat bruhh"
3 months without ya I was doing ok but now you're back and now i'm feeling some way #procrastinationhopoffmydick #oldhabits
Find your place and your purpose and make a plan for the future. Occasionally be spontaneous #livelife
"i thought drugs shermed these kids out, turns out they're just naturally cooked"
RT @MonTanA_BaBy: I'm boutta get on my Montana Spielberg shit.. make some real nigga movies
"New phone, same number. Hit me with a text"
@DrJohnnyBlaze 8572475112 hit me cuh my phones dead till like tomorrow night tho
"RT @AlanHungover: How to scare burglars off. First, put pictures on the wall of you with a tiger. Second, put a cat litter box in your h ..."
RT @yaboyfitz: In Game of Thrones how the fuck does the raven no where to fly
@BigZoKY those birds stay chirping my guy
@BettZamparelli preeaaaaachhh
college is what's pop #dirty
RT @JukeMeng: Tryna eat like my aki when he break fast
"Buzz kill, quit nagging I'm on my hakuna mattata wave"
"Idk why it's hard for many of you to accept that 9/11 was an inside job, I mean I guess fuck the facts y'all are some real #patriots #gethip"
The egg doesn't teach the chicken? The hell it doesn't I'm throwing knowledge at these old fools #andyou'reabird
I'm on my Charlie sheen #winning game.
shout out to my youngin sir henry for shitting in the pool #easyshift
daaam cuuuh walter forced it this episode #breakingbad
"RT @EasyBuckets5: Yeah ill study a broad, or two, three."
RT @BigBlackDave: The only entertainment at the RMV is waiting for the kids taking the permit test to finish. Their faces tell it all.
can i live?
I am the best beer pong player in Cambridge. I am the #truth
Up close and personal with deebo that shit was supersized http://t.co/RDrwRLhz
"if i actually liked chris brown's songs, don't wake me up would really be my life anthem #sleepingismyhobby"
The value of human life ain't shit nowadays that's #tragic
"15 billion was spent on the olympics, imagine if that money was used to feed those in need all over the world. I'm saying #endworldhunger rt"
i kind of hate people when i'm at work or on the road #canyoublameaguy
RT @REALtokyoKID: O that's your dream girl ? Nigga that's my old bitch...
"Ending the sentence with ""bitch"" like a baawss"
"if you're not relevant, keep your opinion to yourself #kindrequest"
"""the last thing she said to me was you should meet my parents, after that i never saw her again, I liked her tho, but i wasn't for all that"""
Working hard #cleaallyy http://t.co/4cF8EnjO
RT @biggblakk92: instead of worryin about who she fuckin.... why dnt yu go n get yu sum money!!!!
my bro left these christian missionaries second guessing their own religion
@therealAbdul_ true that and yea come fall im umd bound
@therealAbdul_ boston marathon isn't a good place to smoke tho
"@therealAbdul_ ok we get it, africans are fast, so fast that they make fast people seem not fast"
we're all birds on twitter #thatsironic #cambridgeinsider
–ñ–æ—Ä–∏–∫ –í–∞—Ä—Ç–∞–Ω–æ–≤ eto pizdec tema
i wish i could apologize to the kids i bullied at a young age #iwasonsomefuckery i'm talking like first/second grade though. I've changed!
"i wake up, put on my favorite wig and go about my day"
"so you lost your girlfriend, don't lose your dignity #keepitpushing"
"RT @AlanHungover: What did Barack Obama say to Michelle when he proposed? ""I don't wanna be obama self."""
heavy sleeper and a great liar #traitsimnotproudof
Missed my first day of work today #trap I am a terrible employee
too many times has supercuts tried to make me their test subject #stayscheming #fuckthat
"5 dollar scratch ticket, 50 dollar come up #luckyday"
larry aaronson and i have been neighbors for like 7 years now and i only run into him once #whoknew
"@therealAbdul_ apparently, you're a huge pussy #youdidthistoyourself"
grandpa from Hey Arnold is by far the best cartoon character ever
"@SteezKid bro, you are cooked..."
RT @DrJohnnyBlaze: the olympics were fresh when i was a little ass kid theyre boring as shit now
i don't usually sleep but when i do it's from five to two
chechen dudes holding down russia with all of their gold medals
RT @rycon52: Oh your boyfriend doesn't go to this college? So you're single
"dam it, america needs to stop forcing it with street cleaning, just leave the streets dirty like the rest of the world #noparkingspacesleft"
spray bottle full of rubbing alcohol #waronterror mosquitoes won't know what hit em #suckers
"fux with the iphone fizzle, finally on the 4s wave #wemadeit"
"just looked at some baby pics, i used to be a ginger, then my mom shaved my head and out came the brunette #thanksmom"
"daaam girl, giggity giggity, giggity goo"
"@BettZamparelli who ever that is, put me on"
my new roommate seems like a total herb just like the last one #anotherbird
"im thinking like 6 months, and this beard is gonna be popping"
volunteers at orphanage. accidentally makes a yo mama joke
"hi my name is jahar, and i've been sober for 10 days now ahaha"
@biggblakk92 aha true true
just threw away 8 lighters out of my car #shitcray
"i said lighten up the mood baby, with some food"
@BigBlackDave aha its not on paper but it's official
this man steven changed his name to Muhammad doing big things this #ramadan
"ahahaha whats new tho?? @Kid_Wavyy  ""Really chilling with ugly hoes off the strength of my manz smh charge my life"""
"do yourself a favor, go watch the batman #tooreal"
"@Kid_Wavyy i gotchu with something, def not bricks you're not ready"
"@KBaieva oh hahaha misleading tweet my g, with the whole chechen thing dudes can assume anything.. lol"
"RT @AlanHungover: Black people wearing their pants low. White people called it ""saggin"". What's ""saggin"" spelt backwards? Sneaky white p ..."
"@Kid_Wavyy i mean, what are yu saying"
@Kid_Wavyy moving bricks ahk
i've been on this train since 6am i'm growing restless #3morehours
women take rejection to the heart and soul but dudes just brush their shoulders off and keep trying #withtheexeptionofthosewhodont
@JJR_Undeniable yea brah i got your number i'll hit you up for sure
new york looks ill from afar but zoom in and it gets real dirty
"complain about how hungry you are, you'll find yourself even more famished #staystrong #onlyday1"
@JJR_Undeniable yeaa my return is crucial to that school #goingham this coming semester with the grades that is.. and other stuff yeamean
poker face
"@therealAbdul_ she's hindu i figure i reel her in with some bollywood then hit her with bollywood porn, she'll never see it coming #feelme?"
@JJR_Undeniable young brokeback reynolds whats paapiinn
@KBaieva omg congrats?!?
"this lady on the train is creeping hard right into my computer screen, just made eye contact #awkward"
18 hours on the train 0.o
on the train to washington with a 5 year old who wont go to sleep #thisistorture
RT @yaboyfitz: He's a bonafide scrub
"RT @AlanHungover: When people ask me why I don't have any tattoos I say to them, ""Would you put a bumper sticker on a Ferrari?"
"lifeguarding is so boring but so chill, at least i have the internet"
"RT @itsWillyFerrell: ""I wasn't that drunk.""
""Bro, you made your girlfriend a sandwich..."""
"RT @ComedyTed: A lion wouldn't cheat on his wife, but a tiger wood."
"RT @itsWillyFerrell: Hey I just met you,
And this is crazy,
I have Alzheimer's,
Hey I just met you."
"3rd zombie apocalypse dream in a span of like 2 weeks, i'm no golden boy but maybe, just maybe we should be expecting something soon, tbc.."
8 hours of sleep never felt like it was enough
breaking bread with my brothas
@AnnieAreYouOkay -.- fuck your iphone... ahaha but yo i only see like 3 boxes what are those??
"@AnnieAreYouOkay because we each have a place that makes us who we are, why live by what was instead of what is annie."
"RT @RTIslam: #Ramadan picks us up from our slackness, re-charge our faith, and give us a push towards our Creator."
@therealAbdul_ for the blind and the lazy
"RT @itStewieGriffin: In a Grammar class : Teacher:- ""HE does not like girls"" What is 'He' in this sentence. . ?? . . . . . Student :- Ga ..."
"RT @itStewieGriffin: You take ""the"" out of psychotherapist"
just gotta get away from reality and dream a little
bed time is the best time
whats all the fucking fussin for because im grubbing more?
breaking bad tonight #bestshow
RT @funnyortruth: You're probably naked under all those clothes. You slut.
too waved to even fall asleep #thespins
so much hate i need a ak
RT @KizzMcDutchie: Just saw a fat topless homeless woman bang out another fat white homeless woman in central sq lmfaooo
byyyyyyyyyyaaaaaaaaaaahh
"RT @AlanHungover: Oh look, it's raining outside. I think I'll go on Facebook and update all my friends that don't have a window of their ..."
dam when i said all mosquitoes can suck dick i didnt actually mean mine ahaha seriously tho fuck the squiters
"RT @funnyortruth: Some people are meant to fall in love with each other, but not meant to be together."
"""you dont understand, i make love to my hand i dont need you honey i beat my dick like it owes me money"" ahahaha #davechappelle"
my moms tryina arrange a marriage for me aha she needs to #chillout i'll find my own honey
im in dumpling heaven right now
RT @funnyortruth: We all know a douchebag named Steve.
"my hair cant be tamed, it will remain a mess #fuxwithittho"
RT @AlanHungover: Sarcasm is the bodys natural defense to idiots.
"i hate when people say ""shit just got real"" with a dramatic tone and besides has your life been fake up until that point #fuckthatexpression"
"dam these responsibilities, im just tryina chill and twist the loud"
sometimes you gotta fight for the things you love most http://t.co/Ka4X1ppn
scruffy
RT @KizzMcDutchie: Buy me S&amp;S wings so I know it's real.
"i miss college, i used to get the best massages"
RT @HotFunnyWomen: Real men only hit women one way. From the back.
"RT @funnyortruth: who invented hugs? i mean..the first hug would have been soo awkward. its like""what are u doin, y are u holding me???"" ..."
RT @Cancer69_: #Cancer has the best sex with #Scorpio
@Kid_Wavyy ahaha yea it could be...
my left eye has been twitching for like a minute straight wtf
"im not a hustler, im a business man"
i want some junk food right now #sweettooth
"tired from a day of chilling, life needs to always be this easy"
trippy happy
my stamina/cardio has never been this bad #outtashapelikeamofucka
peanut butter jelly time #wheayeat
"apparently, game of thrones is that shit!"
RT @AlanHungover: Saw a Chinese baby and a black kid wave at each other today. Gives me hope for the future. Or another Rush Hour movie.
"RT @HilariousTed: When people say smoking isn't cute &lt;&lt;&lt;&lt;&lt;&lt;&lt;&lt; ain't nobody tryna be cute bitch, im tryna get hig ..."
its so cool in my room i gotta pull the blanket out #sleeplikeababy
total recall sick movie #gethip
im on that late night netflix life
RT @MonTanA_BaBy: Balotelli was in my doghouse until today.. came through for my italians
@JukeMeng yoo whats your jack
in like 5 minutes i can make a rubiks cube my bitch
@BigBlackDave ahaha ec goes ham when portugal wins
lil bonfire action
no parade in east cambridge after that
spain might take the dub
"@therealAbdul_ heard that! aha but yea thats wats up man, cars a beaut"
@BettZamparelli 3rd times the charm betty?
im tryina take a piss but the women in this house love to take their sweet time in the shower #goingoutside
"@BbeSTACKIN doing alright my g, working and chilling, how you doing? i miss you too, are you in the bridge?"
"changed majors, boutta try to become a nurse"
"dam my mom is forcing it, sniffing my hair when i come home #hotboy"
no one likes a freeloader
Dr. Ironfist
this internet connection is stressing me the fuck out
call the fire man
"@therealAbdul_ great to hear man, that truck yu got is sooo ill dude #jealous"
"if theres one thing i love, it's a beautiful girl with beautiful curls"
i just might change your life #ifyourforthat
RT @WOWFactsOfLife: The average human eats 8 spiders at night in their lifetime.
chris bosh jokes are the funniest
RT @AlanHungover: Apple has a new device out for Chinese people. The iOpener.
saw a guy in a hoodie and a wool cap dudes are cooked #literally
"@therealAbdul_ having a great time man, its too hot out here tho, you wouldn't understand since it's like really cold in africa.. how u doin"
pool pahty #istayinthewater #waavy
#sunfried over here in pain and shit
"@therealAbdul_ @sotirop_evi aha t'was the flash, i have sensitive eyes asshole"
yoo who's #fahdat
little kids bring nothing but joy into the house and a lot of noise too
"""dam i think yu just made a fact just now, thats some real shit"" scary movie 3 is too funny"
"""mice are inside and rats are outside, but what if a mouse goes outside does it become a rat and if a rat is in the house is it a mouse"""
these 6-12 shifts are killing me
some people change like night and day when in a relationship
@HeardBelleSay so good thanks and i will!
"pop up adds are the worst, on par with mosquitoes"
"people who say guess what and then actually expect you to guess, i hate those people"
nice weather we're having..
RT @AlanHungover: Two blondes were driving to Disneyland. The sign said: Disneyland Left. So they started crying &amp; headed home.
long night
"@HeardBelleSay aha yea same here, whats good thooo i miss you, congrats on graduating, how's life?"
"@OVOadem i mean, was it you??"
"she's not heartless, shes just tryina use her heart less"
dinner time is all the time #latenightmunching
"oh man, my window is far too close to my neighbors, i can hear this bitch moaning lmao #whatdoidotomakeitstop?"
"breaking bad, that show is fucking ridiculous"
@Basiklee @Kid_Wavyy i got a tent and errrythang boys
camping soon
"@OVOadem thats cuz there are mad other people calling besides your 25, sherm"
"RT @AlanHungover: My girlfriend just texted me saying, ""I want you to get me all wet when I get home ;)"" So I got 15 water balloons ready."
"german's have some creative names, fucks with schweinsteiger tho"
"@Basiklee unfortunately not, my passports not gonna come in time"
no travels this summer #imsad
"man i think i love her, tryina have her meet my mother #siiiike"
im tryina #yeamean tonight
sons of anarchy that's that good good
@MonTanA_BaBy wise words young
"70 days, its gonna be tough"
love for your brother what you love for yourself
sport is my addiction
dam i left all the windows in the crib open #therearepuddles
#imonelazydude
"nice, i needed a car wash"
foooooooooooooooooood #gyro #clutch
"RT @ummahfilms: Life asked Death ""Why is it that everyone hates you?"", to which Death responded ""That's because you're a beautiful lie & ..."
"RT @AlanHungover: I hate when I'm about to hug someone really sexy, and my face hits the mirror."
rollin rollin rollin we aint slept in weeks
temper has risen from all this fuckery
"RT @StunningHijab: ""For me to know that I am FREE from HYPOCRISY is more dear to me than the weight of the ENTIRE world in GOLD.""

- Has ..."
my stomach is making some seriously awkward sounds
RT @realdawah: A righteous woman with a man is like a great gold-leafed crown on the head of a king...
yyyyyy mmmm ccccc aaaaaa we're going boooxiingg at thee yyyyyy mmmmmmmm ccccc aaaaaa aaa
ahaha the shit that comes up when i type in my name in google.. i have stalkers??? shits crazy
miss u.s.a is so sexy
"@maryajuanasmoke you have no idea what happens when portugal plays a soccer game and wins, mothufuckas go nuts #you'llsee"
toast waffles. no syrup #traplife
RT @WOWFactsOfLife: Mexico's east coast is sinking into the sea at the rate of one to two inches per year.
@Kid_Wavyy you ever get really lazy?
@Kid_Wavyy im may have to rise for the occasion
@Kid_Wavyy young nugget
"i haven't met a kid who doesn't love spiderman, every little yg either pretends or considers himself spidey, i used to do the same shit"
i hate when i press the favorite button by accident on some retarded tweets
v neck swag
"i can see my face in my dad's pictures as a youngin, he even had a ridiculous amount of hair like me"
i still have mad love for cats tho
"i neva had allergies on cats before i met my cousins cat, it was ugly and sick and i made fun of it, straight asshole jokes. Now im allergic"
"@Kid_Wavyy youra clown, just call me"
@Kid_Wavyy s'guuuuuuuh slime
bear grylls is the fucking man
RT @AlanHungover: People who make me do a slight jog because they hold the door open for me when I'm 15 feet away are the first to die w ...
"""I don't care how poor someone thinks he is if he has a loving family, he is rich beyond measure."""
"smile, it's supposed to be good for you"
im hardly working hard
"But still somehow she got my mind infatuated, absolutely fascinated with the thoughts of what she might be like"
"typical cambridge convo
guy1:yo wats good
guy2:roll up cudi
guy2:you already
guy1:i'll scoop yu
guy2:hit me on twitter, phones dead"
how can people be pessimistic and dwell on things that haven't even happened yet
through no fault of mine that is..
it's no coincidence that i almost crashed into an asian dude...
"RT @8_Semesters: Everytime i see the word ""explain"" on a test, a part of me dies."
RT @AlanHungover: Forrest Gump's password: 1forrest1
fuck me i just locked myself out of my car
"i didn't become a lifeguard to just chill and get paid, i do it for the people, saving lives brings me joy #lifeguardoftheyear"
my hair is soo wavy
i hate messy people clean your shit up
alhamdulillah for my family
waffles and smoothiees #latenightearlymorningbrunching
this type of life is making me lazy
yeaa i'll never shave again
i feel like a million bucks but my money doesn't feel like i do
"this is perfect weather, hot and fun without the sun"
"what a great weekend, freeee criibb"
my niece is the cutest in the world
"@Klumesickle oh heidy still much in this world you haven't seen, my roommate didn't wear any shoes at all, shits stunk up the room #hippies"
"i got my wheels, i got my clean shirt, i got everything to get me where she'll be"
this google piano thing distracting me from studying
"im not a morning person because i never sleep at night but i love getting an early start, you get more done and the day seems long as fuck"
this dude really goes around introducing himself as natalie #shame man #fuckswrongwithyou
"RT @WonkaTweets: ""I wanna fuck you so bad right now."" ""What...?"" ""Oh, damn autocorrect, I meant Hey."""
"the final, final test in a few hours #shieeeeeet"
"knowledge, strength, faith, money, love and success i'm hungry for it all"
all these trash talkers are mad annoying just watch the game and enjoy it
RT @EasyBuckets5: Okc ya later LA
RT @BigBlackDave: @J_tsar the jacket is fresh too.
straight killen em
@BigBlackDave aha thanks man i wish i had it in my size today
"RT @AlanHungover: I'm having a problem in Call Of Duty,I go to the menu and... ok by now the girls have stopped reading this, anyone kno ..."
dudes had some big ears as a child still swaggy tho
cho za huynaa blyaa
galasuite za menya im a motherfuckn real
that awkward moment when yoloers end up living twice
RT @funnyortruth: #BestWayToAskForHead  - http://t.co/xeZMFghW
let the good vibes get a lot stronger #laidback and chillin
RT @AlanHungover: Have you ever wanted to meet yourself and see yourself from someone else's point of view?
back at school #bittersweet
RT @KizzMcDutchie: And watching everyone run from the po was hilariousss
pizzzzzzzzaaaaaa baaaabbyyy
"homecoming, same old yet its different #fuckwithit"
i dont care what it takes i'd rather chill and not bother #uselessshit
"@therealAbdul_ had you not put ""real"" in your twitter name i would have never known it was you, unless you're not the real deal.. s'good tho"
"RT @funnyortruth: Women's logic: When you like a guy, do nothing about it and expect him to magically know and make the first move."
she's hot she's banging every body wants her name and i gota get that girl in my liiiiifee
flowski
@basiklee tomorrow my dude ima hit you up
finally in the bridge #summer
po bratski
im hungry all the dam time!! im kinda tired of eating
budu pagibat' malodim
a mi dut' lubim vot mi i duem
ak nogano guf
@KBaieva ahaha word stay humble
"everyone becomes a story, strive not to be fake in yours"
the country's changed except the south
need enough will power to study for this dam test
g shit got notes for all the classes i never went to
giggity
"Thinkin' of you's workin' up my appetite
looking forward to a little afternoon delight."
@KBaieva talented much?
my beard is so clutch letting it grow
finally finished the last essay of the semester #naptime
life here in the U.S is ill without a doubt but life elsewhere is surreal
some of these dudes are pathetic talking about all these hoes yet they never get it
RT @Y_U_NOOO: BLACK PEOPLE.....Y U NO SURVIVE IN SCARY MOVIE?
RT @IslamSpeaks: I don't know of anything in this Dunya that could uplift &amp; increase the good manners &amp; behavior of a person the ...
fuck fuck fuck the police but #happymothersday
chernie glaza samie prikrasnie
dudes getting emotional over fifa c'mon son #itsonlyagame
"i want something new, to eat that is."
"dawg we made eye contact, she def wants the caack"
"RT @StunningHijab: ""Pride is when you reject the truth and despise people"" NOT when you wear good clothes. #pride #hadith"
2 weeks and no more bullshit
RT @DrJohnnyBlaze: every white kid in college loves eminem
"RT @IslamSpeaks: Show unlimited kindness to your parents. This can be in a form of many things, from kind words to warm hugs! #parents # ..."
the juice needs to be well worth the squeeze otherwise i rather not waste my time
RT @WildBoy617: Yolo&lt;&lt;&lt;&lt;&lt;&lt;&lt;&lt;&lt;&lt;&lt;&lt;&lt;&lt;&lt;&lt;&lt; mad gay now #SHUT UP
we want what we can't have and the things that we can have just don't satisfy
gratitude is the attitude of the blessed
i suck at managing my time cuz there are so many distractions in college
"i learn something new every day, knowledge is power"
"@SteezKid im telling you my g, he'd agree to fight manny before foolishly getting in the ring with me, na but he's actually a beast #props"
"i should give floyd a run for his money, we're about the same weight"
"tat my name on you girl so i know it's real oh and make sure to spell it right, its spelled Dzhokhar"
if i tell you the truth and i happen to smile it doesn't mean that im lying #trustme :)
you've been hit by a smooth criminal
RT @HuffingtonPost: Muslim convert wins HUGE award from AT&amp;T for discrimination http://t.co/ru6hZkga
i dont look for fights cuz im no goon but i really want someone to get outa line so i could just set it on em #itsathinline
i need a new phone my jacks #gahbage
too high to go out? #girlscan'thandletheirsmoke ahaha i think i'll just relax my eyes for a couple mins too
ignorance is bliss and we need that shit
I want to be as free as the spirits of those who left
haters shake my hand but i keep the sanitizer on deck
lets all go home and go hard #bridge
"@jrowee another test, if phone doesn't beep then it was a coincidence"
@jrowee does your phone make that robot noise when someone mentions you? boutta find out...
@jrowee you must be chewing the generic version #icanhookyouup
"yea sure some girls look better in pictures, but sometimes a camera can't capture someones true beauty"
i throw knowledge at these young boys
gained 8 pounds of water or some type of weight in the gym today #clutch
"#inthemorningimusthave a blanket covering my lower body, you never know who can come in the room while you got #morningwood"
"freedom, we could use some of that especially where we from"
"its so loud inside my head, too many thoughts #longnight"
"lovely yesterday, lovelier today"
when you get a groove going #timeflies
RT @MonTanA_BaBy: racist bitches #theworst
RT @MonTanA_BaBy: We all blessed my nigga
RT @KizzMcDutchie: Looking like an all nighter. Fuck.
RT @DwightParody: 2012 is the end of the world? False. My cheetos expire in 2013.
pb&amp;j and easymac #weainthungrynomore
"hi, im incredibly rich, wanna go out?"
proud to be from #chechnya
i dont love em i dont chase em i duck em
"ooh baby i love your way, everyday."
"when money speaks, truth doesn't"
RT @mdvaldosta: Dear women: if God wanted us to rub your back he would have put your boobs there.
"RT @Kyle_Lippert: Ladies, make up your minds.

Men, stop being douchebags &amp; thinking with your peen all the time.

There, I solved ..."
small world
memories that make you smile &gt;
we feeling ok
"i'm desperately waiting for you, summer!"
eh she's no different...
rather have a hot head then some cold feet
riding with them young boys rolling up that og- frenchyy this dudes a clown
can't fear a man who breathes the same air as you
@BigBlackDave oh absolutely
"@9MichaelLewis aha mikey sup my guy, that sucks but then again you're in cali during the nicest time of the year"
fuck stress i never met the bitch
"dam dudes really get out the latest, late may"
RT @GrandadJFreeman: Every pretty girl has an ugly friend. If you don't have one then you must be the ugly friend.
my car is worth like 4k and the beemer i want is only 6 aha #word
gonna sell my car and buy a seexy #bmw
can't dwell on the past
if only
"i need me a tall beautiful woman, but just beautiful works too"
"LOL has gone from meaning, laugh out loud to I have nothing else to say"
Was learning cursive really necessary?
I wish I could say I never have to write again
"RT @KButtsz: Shia LeBeouf is that dude, amazing actor"
RT @Laughbook: Everything is funnier when your trying to be serious.
–ë—É–¥—É –ø–æ–≥–∏–±–∞—Ç—å –ºa–ª–æ–¥—ã–º
fuckn A
"hi, is your refrigerator running?"
it means no worries
"RT @ComedyPosts: ""Dude she has a boyfriend.."" Yeah so? Soccer has a goalie, doesn't mean you can't score..."
some things are worth the trouble like money and shit that will get you money
RT @ComedyTruth: Me: why am I still single? Brain: you're weird. Body: and you're fat! Face: plus you're pretty ugly... Food: I'm here f ...
@jrowee i can't sit and do nothing for an hour on an empty stomach
i dont believe in evolution but some people make me think otherwise
"frosted flakes, theeyyyyyy'rrrrree greaaaat"
"RT @Laughbook: The most common phrase in China: ""Hey! You look familiar!"""
"RT @Laughbook: What I hate most about Twitter: finishing a good tweet, having -1 characters left, and then having to decide which gramma ..."
RT @BigBlackDave: Reality is so surreal sometimes... Surreality.
RT @BossDonWave: overthinking
#sincewebeingchildish i dont need you honey i beat my d*** like it owes me money ahaha #chappelle
"1 essay done 1 more to go this is fucking torture, i need some one to tell me everything is gonna be ok aha #seriouslytho"
"gotta write 2, 4 page essays by 12 pm #challengeaccepted"
"you used ""lol"" twice in one sentence you must really be dying of laughter"
RT @MonTanA_BaBy: A nigga is neva gonna gain any weight fuckin wit this nasty ass food
no class tomorrow im chillin
the ny dooouur is powerful
this was a great weekend
"@Enzo_U that's whats up glad to hear that, i'm alright and yea summers gonna be amazing"
so breakfast it is
sleep after breakfast is so much sweeter
"hhmmm get breakfast or go back to sleep, this is always a tough one"
"""they will spend their money and they will regret it and then they will be defeated"""
bout to sleep for like 20 hours
new york was #rockin
with the right people anything you do can be fun
"@KizzMcDutchie life is sweet, we #grindin"
"@Enzo_U aha its cuz i got a test with all the answers on it isn't that some crazy luck, how you doing tho berlophane?"
woah too many unanswered questions  tonight
you guys dont know how smoooooooooooth i am ahaha
i dont go to class for a whole month and still manage to get a 97 #fuckingword
@sotirop_evi #ifeelyou
did you realize that you're beautiful and more in my eyes
RT @8_Semesters: These hoes out here are easier DONE than SAID.
"one day you will close your eyes, forever."
salat makes one strong #islam
"i remember in highschool kids used to say ""so and so is top 5 realest dudes at rindge"" come to think of it they still do that #fuckingscrams"
"and i wonder, if you know what it means, to find your dreams"
every thing im not makes me every thing i am
@SincerelyGCx yousa #stalker gina
protein milk shake yeaa we getting #big out here
"sausalito cookies, nuff said"
@akiller82 its a definite #charge gelaw
a little taste of russian rap fellas http://t.co/dmezsfOP
we should go nowhere you and i and make it our place
"RT @WonkaTweets: Oh, you're gay? That must be a real pain in the ass."
"you are a fucking idiot, I say that with love"
i wish laundry would make like a person and do itself
"RT @WonkaTweets: Oh, I asked if I can go to the bathroom and you said I don't know can you? You must be quite the comedian."
actually i take that back i put in work when i need to
dam im one lazy ass dude #whatsthemotive
maybe im amazed at the way you love me all the time
im 6 feet baby
i love that great feeling when you know victory is certain
#ItsAllFunAndGamesTil the white kid says nigga then its just #awkward
homie this shit is basic you're just not suited  for the game
man why can't life always be this easy
"RT @Crispylips212: Behind every fat girl there is a beautiful woman. No seriously, you're in the way."
i hate when someone with bad breath tries to whisper something in my ear #shitcray
@PurpNoShirt them twitter racks is all you got yg
alor on danse #jam
M.B
"its like a battle, knife to a gun fight"
even when i was close to defeat i rose to my feet
I touch her skin and then i think that she is beautiful but she don't mean a thing to me
why am i still on this fucking campus
craziest night of my life so far #mindfuck
If you can make a girl laugh ‚Äì you can make her do anything.
A good lawyer knows the law; a clever one takes the judge to lunch.
"There are three sides of an argument -- your side, my side and the right side."
not being able to tell a joke because you keep laughing while trying to tell it
"When I die, I want to go peacefully like my Grandfather did, in his sleep -- not screaming, like the passengers in his car."
i got 99 options but failure aint one
i rip and i rap and i spit hot fiyaa
@BigBlackDave aha oldies but goodies david
RT @8_Semesters: A make-out in college is like a handshake. Nice to meet you.
50 told me do sit ups to try to get buff i did two and a half and i couldn't get up
RT @EasyBuckets5: Orange juice after brushing your teeth could kill a man on instant
im in too good of a mood to go to sleep
"RT @itsWillyFerrell: #ItsAwkwardWhen you're laughing so hard that no noise comes out, so you just sit there clapping like a retarded seal."
sometimes i don't look it but im always in a great mood
how i miss my home land #dagestan #chechnya
we're not low
its like 90 degrees in my rooom #collegeproblems
we no speak americano
RT @biggblakk92: cant be afraid of someone who breaths the same air you breathe...
"RT @8_Semesters: Professor: ""Your paper should be 1-3 pages long."" Me: ""Almost 1 Page it is."""
@KidComeUp aha yoo good shit my dude nu and zoo!!
"i wonder who makes her heart ache so, doesn't matter i'll be the one to alleviate her pain"
RT @_TheRealJustice: Your worst battle is between what you know and what you feel...
your swag is stupid just like your IQ
RT @IslamSpeaks: The trouble with beauty is feelings of superiority. #islam
"teacher kicked me out of class for coming in with a rough draft that was 4.5 pages instead of 5, i guess its that time of the month for her"
"@BigBlackDave hah david that actually gave me motivation thanks man oh and i hope too see you some time in the near future, its been a while"
i wish some one wrote this essay for me
"stop worrying about the spec in my eye while you got a log in yours, my perspective on things, my view, my decisions shouldn't concern you"
@PurpNoShirt Yo b dont waste those wishes on 11:11 they only come true at 12:12 #gethip sherm
RT @8_Semesters: What ass hole created http://t.co/61bJOMxP
buy a lighter and the next day it will either break or you'l lose it but steal one from your friend and it will survive a fucking apocalypse
"@KizzMcDutchie its tough out here kat, privacy is at an all time low since the roomie got himself a girlfriend"
it would be soo much sweeter if i had a single
"The fight we had last night was my fault,
my wife asked me what was on the TV and i said dust."
"If I had a rooster and you had a donkey and your donkey ate my rooster. What would you have?
2 ft. of my cock in your ass."
bless the person who says less and does more
"actually, watching two bimbos argue about anything is funny"
watching two dum people argue about when the world is going to end is fucking hilarious
back to the home land this summer word
"#springbreak bridge life but more importantly ima be at home, to clear the mind, chill with my dudes and eat like a king #letsgoo"
im fucking famished i neeeeed foood #wishiwashome
"i love... burritos at 4 am! parties that never end! dogs that love cats! and, and twins!"
"It's not that I'm stubborn, it's just that if I agreed with you, we'd both be wrong."
my perspective on life is completely different then yours and you can say the same
RT @TheZooKid: when you wake up tired as fuk needing to piss while having a super boner&lt;&lt;&lt;&lt;
jk about the last post
shes not pregnant #liesivetoldmyparents
guys who allow women to control them and make decisions for them are pathetic #growapair
i hold my own i got that #chechnyanpower
"a decade in america already, i want out"
sometimes you gotta follow in order to lead
"fuck, cant sleep"
i can't remember the last time i forgot something
The big difference between sex for money and sex for free is that sex for money usually costs a lot less.
drugs are a crutch for people who cant handle reality
"do it until death or disability, whichever comes first"
"turn it off, turn it off, turn it off, say bye.."
im trying to grow a beard
"they want one thing after another, never satisfied"
its too hot they want cooler weather
its too cold they want warmer weather
"not enough smoke, they want more"
"to some a hero and to others a villain, i say fuck the others"
time travel
oh what a feeling im feeling right
its kind of like we're living in times where good is evil and evil is good
"RT @Crispylips212: The only ""b word"" a guy should call a girl is beautiful. Bitches love to be called beautiful."
"mama, im a criminal"
familiarize yourself with the term #chargeit
is happier than a cat in a room full of catnip.
having your own car is sooo #clutch
"RT @MonTanA_BaBy: all these college niggas dont know shit about makin a dollar, im lookin like a genius in economics lol"
"RT @funnyortruth: Beer doesn't make you FAT it makes you LEAN...Against walls, tables, chairs, floors, and ugly people."
"i sneeze when i look at the sun, thats not weird #normal"
RT @funnyortruth: The shortest scary story ever: The last man on Earth sat in a room. There was a knock at the door.
"no matter how many times i'm late and no matter the consequences, I swear i still manage to be late #suckingatlife"
some people are just misunderstood by the world thus the increase of suicide rates
"RT @DrJohnnyBlaze: i was the worst i used to switch chicks every day, had niggas mad foreal like i wish he was gay....hova"
"take me down to paradise city, where the piff is loud and the girls are pretty"
"dude, where's my car?"
text back with your titties on it
this girl &gt;
RT @KizzMcDutchie: I like a lot of teasin it leads to lots of pleasin
dont think you know someone just because you read what their zodiac sign says #fuckswrongwithyou
RT @jrowee: my roommate is a bird
"a wise man once asked a wiser man to teach him his ways, the wiser man said to the guy, roll something first, yg."
when you get what you want &gt; what you need
"@blackgirlsam ommgg i just saw this post!!! i miss you too samantha, how you been?"
You know what i like to do? answer my own questions cuz no one else can
using my high-school essays for my english class #itsthateasy
im giving you a fist bump instead of a dap for a reason #nastybitch
"@PurpNoShirt yo my gg, im chilling, how you doing"
"@_JRabbit wasup nandi, i miss you &lt;3"
Im doing laundry?! at this time? #college
